customer,tot_ns,pct_ns
Amazon,3041.914939,13.3495681691
"Atliq Exclusive",2241.872387,9.8385486960
"Atliq e Store",1923.023270,8.4392663005
Sage,755.035422,3.3135038415
Flipkart,726.631165,3.1888505976
Leader,659.801396,2.8955654220
Ebay,578.031955,2.5367168846
Neptune,575.611820,2.5260960231
Electricalsocity,482.411755,2.1170837246
Synthetic,430.089140,1.8874637879
